,date,name,point
0,2022-09-12,인생은 뷰티풀: 비타돌체,9.84
1,2022-09-12,탑건: 매버릭,9.77
2,2022-09-12,명탐정 코난: 할로윈의 신부,9.47
3,2022-09-12,알라딘,9.38
4,2022-09-12,범죄도시2,9.35
5,2022-09-12,천녀유혼,9.29
6,2022-09-12,극장판 주술회전 0,9.24
7,2022-09-12,벤허,9.23
8,2022-09-12,코다,9.13
9,2022-09-12,타오르는 여인의 초상,9.03
10,2022-09-12,1917,8.9
11,2022-09-12,중경삼림,8.89
12,2022-09-12,공조2: 인터내셔날,8.86
13,2022-09-12,아웃포스트,8.86
14,2022-09-12,엘비스,8.84
15,2022-09-12,화양연화,8.81
16,2022-09-12,한산: 용의 출현,8.77
17,2022-09-12,펄프 픽션,8.76
18,2022-09-12,헤어질 결심,8.68
19,2022-09-12,육사오(6/45),8.66
20,2022-09-12,라라랜드,8.62
21,2022-09-12,실버라이닝 플레이북,8.57
22,2022-09-12,장고:분노의 추적자,8.56
23,2022-09-12,태일이,8.45
24,2022-09-12,헌트,8.43
25,2022-09-12,바스터즈: 거친 녀석들,8.4
26,2022-09-12,드라이브 마이 카,8.4
27,2022-09-12,레미제라블,8.39
28,2022-09-12,모가디슈,8.34
29,2022-09-12,큐어,8.33
30,2022-09-12,리스본행 야간열차,8.31
31,2022-09-12,킬 빌 - 1부,8.3
32,2022-09-12,문호 스트레이독스 [데드애플],8.27
33,2022-09-12,애프터 양,8.18
34,2022-09-12,릴리 슈슈의 모든 것,8.12
35,2022-09-12,수면의 과학,7.92
36,2022-09-12,블랙폰,7.81
37,2022-09-12,DC 리그 오브 슈퍼-펫,7.79
38,2022-09-12,원스 어폰 어 타임... 인 할리우드,7.7
39,2022-09-12,미니언즈2,7.68
40,2022-09-12,사랑할 땐 누구나 최악이 된다,7.58
41,2022-09-12,썸머 필름을 타고!,7.52
42,2022-09-12,외계+인 1부,7.46
43,2022-09-12,불릿 트레인,6.9
44,2022-09-12,놉,6.8
45,2022-09-12,비상선언,6.58
46,2022-09-12,토르: 러브 앤 썬더,6.43
47,2022-09-12,리미트,5.88
48,2022-09-12,브로커,5.53
49,2022-09-13,인생은 뷰티풀: 비타돌체,9.83
50,2022-09-13,탑건: 매버릭,9.77
51,2022-09-13,명탐정 코난: 할로윈의 신부,9.47
52,2022-09-13,알라딘,9.38
53,2022-09-13,범죄도시2,9.35
54,2022-09-13,천녀유혼,9.29
55,2022-09-13,극장판 주술회전 0,9.24
56,2022-09-13,벤허,9.23
57,2022-09-13,코다,9.13
58,2022-09-13,타오르는 여인의 초상,9.03
59,2022-09-13,1917,8.9
60,2022-09-13,중경삼림,8.89
61,2022-09-13,아웃포스트,8.86
62,2022-09-13,공조2: 인터내셔날,8.84
63,2022-09-13,엘비스,8.83
64,2022-09-13,고양이를 부탁해,8.81
65,2022-09-13,화양연화,8.81
66,2022-09-13,한산: 용의 출현,8.77
67,2022-09-13,펄프 픽션,8.76
68,2022-09-13,본 투 비 블루,8.73
69,2022-09-13,헤어질 결심,8.68
70,2022-09-13,육사오(6/45),8.66
71,2022-09-13,라라랜드,8.62
72,2022-09-13,실버라이닝 플레이북,8.57
73,2022-09-13,장고:분노의 추적자,8.56
74,2022-09-13,태일이,8.45
75,2022-09-13,헌트,8.43
76,2022-09-13,바스터즈: 거친 녀석들,8.4
77,2022-09-13,드라이브 마이 카,8.4
78,2022-09-13,레미제라블,8.39
79,2022-09-13,모가디슈,8.34
80,2022-09-13,큐어,8.33
81,2022-09-13,리스본행 야간열차,8.31
82,2022-09-13,킬 빌 - 1부,8.3
83,2022-09-13,애프터 양,8.18
84,2022-09-13,릴리 슈슈의 모든 것,8.12
85,2022-09-13,수면의 과학,7.92
86,2022-09-13,DC 리그 오브 슈퍼-펫,7.78
87,2022-09-13,블랙폰,7.73
88,2022-09-13,미니언즈2,7.68
89,2022-09-13,킬 빌 - 2부,7.61
90,2022-09-13,사랑할 땐 누구나 최악이 된다,7.6
91,2022-09-13,썸머 필름을 타고!,7.52
92,2022-09-13,외계+인 1부,7.46
93,2022-09-13,불릿 트레인,6.9
94,2022-09-13,놉,6.8
95,2022-09-13,비상선언,6.56
96,2022-09-13,토르: 러브 앤 썬더,6.43
97,2022-09-13,리미트,5.81
98,2022-09-13,브로커,5.54
99,2022-09-14,인생은 뷰티풀: 비타돌체,9.79
100,2022-09-14,탑건: 매버릭,9.77
101,2022-09-14,명탐정 코난: 할로윈의 신부,9.47
102,2022-09-14,알라딘,9.38
103,2022-09-14,천녀유혼,9.29
104,2022-09-14,극장판 주술회전 0,9.24
105,2022-09-14,벤허,9.23
106,2022-09-14,어느 가족,9.2
107,2022-09-14,코다,9.13
108,2022-09-14,타오르는 여인의 초상,9.03
109,2022-09-14,1917,8.9
110,2022-09-14,중경삼림,8.89
111,2022-09-14,아웃포스트,8.86
112,2022-09-14,엘비스,8.83
113,2022-09-14,공조2: 인터내셔날,8.82
114,2022-09-14,고양이를 부탁해,8.81
115,2022-09-14,화양연화,8.81
116,2022-09-14,한산: 용의 출현,8.77
117,2022-09-14,펄프 픽션,8.76
118,2022-09-14,본 투 비 블루,8.73
119,2022-09-14,헤어질 결심,8.68
120,2022-09-14,육사오(6/45),8.65
121,2022-09-14,라라랜드,8.62
122,2022-09-14,실버라이닝 플레이북,8.57
123,2022-09-14,장고:분노의 추적자,8.56
124,2022-09-14,태일이,8.45
125,2022-09-14,헌트,8.43
126,2022-09-14,바스터즈: 거친 녀석들,8.4
127,2022-09-14,드라이브 마이 카,8.4
128,2022-09-14,레미제라블,8.39
129,2022-09-14,모가디슈,8.34
130,2022-09-14,큐어,8.33
131,2022-09-14,리스본행 야간열차,8.31
132,2022-09-14,킬 빌 - 1부,8.3
133,2022-09-14,애프터 양,8.18
134,2022-09-14,릴리 슈슈의 모든 것,8.12
135,2022-09-14,혼자 사는 사람들,8.07
136,2022-09-14,나는 나를 해고하지 않는다,8.04
137,2022-09-14,애프터: 그 후,8.02
138,2022-09-14,수면의 과학,7.92
139,2022-09-14,DC 리그 오브 슈퍼-펫,7.78
140,2022-09-14,블랙폰,7.71
141,2022-09-14,미니언즈2,7.68
142,2022-09-14,사랑할 땐 누구나 최악이 된다,7.61
143,2022-09-14,킬 빌 - 2부,7.61
144,2022-09-14,썸머 필름을 타고!,7.53
145,2022-09-14,외계+인 1부,7.46
146,2022-09-14,놉,6.79
147,2022-09-14,비상선언,6.55
148,2022-09-14,리미트,5.61
149,2022-09-15,탑건: 매버릭,9.77
150,2022-09-15,인생은 뷰티풀: 비타돌체,9.77
151,2022-09-15,명탐정 코난: 할로윈의 신부,9.47
152,2022-09-15,알라딘,9.38
153,2022-09-15,천녀유혼,9.29
154,2022-09-15,극장판 주술회전 0,9.24
155,2022-09-15,어느 가족,9.2
156,2022-09-15,코다,9.13
157,2022-09-15,타오르는 여인의 초상,9.03
158,2022-09-15,1917,8.9
159,2022-09-15,중경삼림,8.89
160,2022-09-15,아웃포스트,8.86
161,2022-09-15,엘비스,8.83
162,2022-09-15,고양이를 부탁해,8.81
163,2022-09-15,화양연화,8.81
164,2022-09-15,공조2: 인터내셔날,8.81
165,2022-09-15,한산: 용의 출현,8.77
166,2022-09-15,펄프 픽션,8.76
167,2022-09-15,후 아 유,8.74
168,2022-09-15,본 투 비 블루,8.73
169,2022-09-15,헤어질 결심,8.68
170,2022-09-15,육사오(6/45),8.65
171,2022-09-15,라라랜드,8.62
172,2022-09-15,실버라이닝 플레이북,8.57
173,2022-09-15,태일이,8.45
174,2022-09-15,헌트,8.43
175,2022-09-15,드라이브 마이 카,8.4
176,2022-09-15,레미제라블,8.39
177,2022-09-15,모가디슈,8.34
178,2022-09-15,큐어,8.33
179,2022-09-15,리스본행 야간열차,8.31
180,2022-09-15,킬 빌 - 1부,8.3
181,2022-09-15,애프터 양,8.18
182,2022-09-15,릴리 슈슈의 모든 것,8.12
183,2022-09-15,혼자 사는 사람들,8.07
184,2022-09-15,나는 나를 해고하지 않는다,8.04
185,2022-09-15,애프터: 그 후,8.02
186,2022-09-15,수면의 과학,7.92
187,2022-09-15,DC 리그 오브 슈퍼-펫,7.78
188,2022-09-15,블랙폰,7.69
189,2022-09-15,미니언즈2,7.69
190,2022-09-15,사랑할 땐 누구나 최악이 된다,7.61
191,2022-09-15,킬 빌 - 2부,7.61
192,2022-09-15,썸머 필름을 타고!,7.53
193,2022-09-15,외계+인 1부,7.46
194,2022-09-15,놉,6.79
195,2022-09-15,비상선언,6.54
196,2022-09-15,브로커,5.54
197,2022-09-15,리미트,5.46
198,2022-09-16,인생은 뷰티풀: 비타돌체,9.8
199,2022-09-16,탑건: 매버릭,9.77
200,2022-09-16,명탐정 코난: 할로윈의 신부,9.47
201,2022-09-16,알라딘,9.38
202,2022-09-16,천녀유혼,9.29
203,2022-09-16,극장판 주술회전 0,9.24
204,2022-09-16,어느 가족,9.2
205,2022-09-16,코다,9.14
206,2022-09-16,타오르는 여인의 초상,9.03
207,2022-09-16,1917,8.9
208,2022-09-16,중경삼림,8.89
209,2022-09-16,아웃포스트,8.86
210,2022-09-16,엘비스,8.83
211,2022-09-16,고양이를 부탁해,8.81
212,2022-09-16,화양연화,8.81
213,2022-09-16,공조2: 인터내셔날,8.79
214,2022-09-16,한산: 용의 출현,8.77
215,2022-09-16,펄프 픽션,8.76
216,2022-09-16,후 아 유,8.74
217,2022-09-16,본 투 비 블루,8.73
218,2022-09-16,헤어질 결심,8.68
219,2022-09-16,육사오(6/45),8.65
220,2022-09-16,라라랜드,8.62
221,2022-09-16,실버라이닝 플레이북,8.57
222,2022-09-16,태일이,8.45
223,2022-09-16,헌트,8.43
224,2022-09-16,드라이브 마이 카,8.4
225,2022-09-16,레미제라블,8.39
226,2022-09-16,모가디슈,8.34
227,2022-09-16,큐어,8.32
228,2022-09-16,리스본행 야간열차,8.31
229,2022-09-16,킬 빌 - 1부,8.3
230,2022-09-16,애프터 양,8.18
231,2022-09-16,릴리 슈슈의 모든 것,8.12
232,2022-09-16,혼자 사는 사람들,8.07
233,2022-09-16,나는 나를 해고하지 않는다,8.04
234,2022-09-16,애프터: 그 후,8.02
235,2022-09-16,오! 문희,8.01
236,2022-09-16,수면의 과학,7.92
237,2022-09-16,DC 리그 오브 슈퍼-펫,7.78
238,2022-09-16,블랙폰,7.7
239,2022-09-16,미니언즈2,7.69
240,2022-09-16,사랑할 땐 누구나 최악이 된다,7.64
241,2022-09-16,킬 빌 - 2부,7.61
242,2022-09-16,썸머 필름을 타고!,7.53
243,2022-09-16,외계+인 1부,7.46
244,2022-09-16,놉,6.79
245,2022-09-16,비상선언,6.54
246,2022-09-16,노회찬6411,6.04
247,2022-09-16,브로커,5.54
248,2022-09-17,인생은 뷰티풀: 비타돌체,9.79
249,2022-09-17,탑건: 매버릭,9.77
250,2022-09-17,명탐정 코난: 할로윈의 신부,9.47
251,2022-09-17,알라딘,9.38
252,2022-09-17,천녀유혼,9.29
253,2022-09-17,극장판 주술회전 0,9.24
254,2022-09-17,어느 가족,9.2
255,2022-09-17,타오르는 여인의 초상,9.03
256,2022-09-17,1917,8.9
257,2022-09-17,중경삼림,8.89
258,2022-09-17,아웃포스트,8.86
259,2022-09-17,엘비스,8.83
260,2022-09-17,고양이를 부탁해,8.81
261,2022-09-17,화양연화,8.81
262,2022-09-17,공조2: 인터내셔날,8.78
263,2022-09-17,한산: 용의 출현,8.77
264,2022-09-17,펄프 픽션,8.76
265,2022-09-17,후 아 유,8.74
266,2022-09-17,본 투 비 블루,8.73
267,2022-09-17,헤어질 결심,8.68
268,2022-09-17,육사오(6/45),8.64
269,2022-09-17,라라랜드,8.62
270,2022-09-17,실버라이닝 플레이북,8.57
271,2022-09-17,태일이,8.45
272,2022-09-17,헌트,8.43
273,2022-09-17,드라이브 마이 카,8.4
274,2022-09-17,레미제라블,8.39
275,2022-09-17,모가디슈,8.34
276,2022-09-17,큐어,8.33
277,2022-09-17,리스본행 야간열차,8.31
278,2022-09-17,킬 빌 - 1부,8.3
279,2022-09-17,애프터 양,8.18
280,2022-09-17,릴리 슈슈의 모든 것,8.12
281,2022-09-17,혼자 사는 사람들,8.07
282,2022-09-17,나는 나를 해고하지 않는다,8.04
283,2022-09-17,애프터: 그 후,8.02
284,2022-09-17,오! 문희,8.01
285,2022-09-17,수면의 과학,7.92
286,2022-09-17,DC 리그 오브 슈퍼-펫,7.78
287,2022-09-17,블랙폰,7.69
288,2022-09-17,미니언즈2,7.68
289,2022-09-17,사랑할 땐 누구나 최악이 된다,7.66
290,2022-09-17,킬 빌 - 2부,7.61
291,2022-09-17,썸머 필름을 타고!,7.53
292,2022-09-17,외계+인 1부,7.46
293,2022-09-17,놉,6.78
294,2022-09-17,비상선언,6.53
295,2022-09-17,브로커,5.54
296,2022-09-17,리미트,5.26
297,2022-09-18,인생은 뷰티풀: 비타돌체,9.79
298,2022-09-18,탑건: 매버릭,9.77
299,2022-09-18,명탐정 코난: 할로윈의 신부,9.47
300,2022-09-18,알라딘,9.38
301,2022-09-18,천녀유혼,9.29
302,2022-09-18,극장판 주술회전 0,9.24
303,2022-09-18,어느 가족,9.2
304,2022-09-18,타오르는 여인의 초상,9.03
305,2022-09-18,1917,8.9
306,2022-09-18,중경삼림,8.89
307,2022-09-18,아웃포스트,8.86
308,2022-09-18,엘비스,8.83
309,2022-09-18,고양이를 부탁해,8.81
310,2022-09-18,화양연화,8.81
311,2022-09-18,한산: 용의 출현,8.77
312,2022-09-18,펄프 픽션,8.77
313,2022-09-18,공조2: 인터내셔날,8.76
314,2022-09-18,후 아 유,8.74
315,2022-09-18,본 투 비 블루,8.73
316,2022-09-18,헤어질 결심,8.68
317,2022-09-18,육사오(6/45),8.64
318,2022-09-18,라라랜드,8.62
319,2022-09-18,실버라이닝 플레이북,8.57
320,2022-09-18,태일이,8.45
321,2022-09-18,헌트,8.44
322,2022-09-18,레미제라블,8.39
323,2022-09-18,모가디슈,8.34
324,2022-09-18,큐어,8.33
325,2022-09-18,리스본행 야간열차,8.31
326,2022-09-18,킬 빌 - 1부,8.3
327,2022-09-18,애프터 양,8.18
328,2022-09-18,릴리 슈슈의 모든 것,8.12
329,2022-09-18,혼자 사는 사람들,8.07
330,2022-09-18,나는 나를 해고하지 않는다,8.04
331,2022-09-18,애프터: 그 후,8.02
332,2022-09-18,오! 문희,8.01
333,2022-09-18,수면의 과학,7.92
334,2022-09-18,DC 리그 오브 슈퍼-펫,7.79
335,2022-09-18,블랙폰,7.7
336,2022-09-18,미니언즈2,7.69
337,2022-09-18,사랑할 땐 누구나 최악이 된다,7.67
338,2022-09-18,썸머 필름을 타고!,7.53
339,2022-09-18,외계+인 1부,7.46
340,2022-09-18,놉,6.78
341,2022-09-18,비상선언,6.52
342,2022-09-18,브로커,5.54
343,2022-09-18,리미트,5.14
344,2022-09-19,인생은 뷰티풀: 비타돌체,9.8
345,2022-09-19,탑건: 매버릭,9.77
346,2022-09-19,명탐정 코난: 할로윈의 신부,9.47
347,2022-09-19,알라딘,9.38
348,2022-09-19,천녀유혼,9.29
349,2022-09-19,극장판 주술회전 0,9.25
350,2022-09-19,어느 가족,9.2
351,2022-09-19,코다,9.14
352,2022-09-19,타오르는 여인의 초상,9.03
353,2022-09-19,1917,8.9
354,2022-09-19,중경삼림,8.89
355,2022-09-19,아웃포스트,8.86
356,2022-09-19,엘비스,8.83
357,2022-09-19,고양이를 부탁해,8.81
358,2022-09-19,화양연화,8.81
359,2022-09-19,한산: 용의 출현,8.77
360,2022-09-19,후 아 유,8.74
361,2022-09-19,공조2: 인터내셔날,8.74
362,2022-09-19,본 투 비 블루,8.73
363,2022-09-19,헤어질 결심,8.68
364,2022-09-19,육사오(6/45),8.64
365,2022-09-19,라라랜드,8.62
366,2022-09-19,실버라이닝 플레이북,8.57
367,2022-09-19,태일이,8.45
368,2022-09-19,헌트,8.43
369,2022-09-19,레미제라블,8.39
370,2022-09-19,모가디슈,8.34
371,2022-09-19,큐어,8.32
372,2022-09-19,리스본행 야간열차,8.31
373,2022-09-19,킬 빌 - 1부,8.3
374,2022-09-19,애프터 양,8.18
375,2022-09-19,릴리 슈슈의 모든 것,8.12
376,2022-09-19,혼자 사는 사람들,8.07
377,2022-09-19,나는 나를 해고하지 않는다,8.04
378,2022-09-19,오! 문희,8.01
379,2022-09-19,수면의 과학,7.92
380,2022-09-19,DC 리그 오브 슈퍼-펫,7.79
381,2022-09-19,블랙폰,7.71
382,2022-09-19,미니언즈2,7.69
383,2022-09-19,사랑할 땐 누구나 최악이 된다,7.68
384,2022-09-19,킬 빌 - 2부,7.61
385,2022-09-19,썸머 필름을 타고!,7.53
386,2022-09-19,외계+인 1부,7.46
387,2022-09-19,놉,6.78
388,2022-09-19,비상선언,6.52
389,2022-09-19,리미트,5.06
390,2022-09-20,인생은 뷰티풀: 비타돌체,9.81
391,2022-09-20,탑건: 매버릭,9.77
392,2022-09-20,명탐정 코난: 할로윈의 신부,9.47
393,2022-09-20,알라딘,9.38
394,2022-09-20,천녀유혼,9.29
395,2022-09-20,극장판 주술회전 0,9.24
396,2022-09-20,어느 가족,9.2
397,2022-09-20,코다,9.14
398,2022-09-20,1917,8.9
399,2022-09-20,중경삼림,8.89
400,2022-09-20,아웃포스트,8.86
401,2022-09-20,엘비스,8.83
402,2022-09-20,고양이를 부탁해,8.81
403,2022-09-20,한산: 용의 출현,8.77
404,2022-09-20,후 아 유,8.74
405,2022-09-20,본 투 비 블루,8.73
406,2022-09-20,공조2: 인터내셔날,8.73
407,2022-09-20,헤어질 결심,8.68
408,2022-09-20,육사오(6/45),8.64
409,2022-09-20,실버라이닝 플레이북,8.57
410,2022-09-20,태일이,8.47
411,2022-09-20,헌트,8.43
412,2022-09-20,레미제라블,8.39
413,2022-09-20,모가디슈,8.34
414,2022-09-20,큐어,8.32
415,2022-09-20,리스본행 야간열차,8.31
416,2022-09-20,킬 빌 - 1부,8.3
417,2022-09-20,애프터 양,8.18
418,2022-09-20,릴리 슈슈의 모든 것,8.12
419,2022-09-20,혼자 사는 사람들,8.07
420,2022-09-20,나는 나를 해고하지 않는다,8.04
421,2022-09-20,오! 문희,8.01
422,2022-09-20,수면의 과학,7.92
423,2022-09-20,블랙폰,7.71
424,2022-09-20,사랑할 땐 누구나 최악이 된다,7.69
425,2022-09-20,미니언즈2,7.69
426,2022-09-20,킬 빌 - 2부,7.61
427,2022-09-20,썸머 필름을 타고!,7.53
428,2022-09-20,외계+인 1부,7.46
429,2022-09-20,놉,6.78
430,2022-09-20,비상선언,6.52
431,2022-09-20,브로커,5.54
432,2022-09-21,인생은 뷰티풀: 비타돌체,9.8
433,2022-09-21,탑건: 매버릭,9.77
434,2022-09-21,명탐정 코난: 할로윈의 신부,9.47
435,2022-09-21,천녀유혼,9.29
436,2022-09-21,사랑은 비를 타고,9.25
437,2022-09-21,극장판 주술회전 0,9.24
438,2022-09-21,어느 가족,9.2
439,2022-09-21,코다,9.14
440,2022-09-21,1917,8.9
441,2022-09-21,중경삼림,8.89
442,2022-09-21,엘비스,8.83
443,2022-09-21,고양이를 부탁해,8.81
444,2022-09-21,한산: 용의 출현,8.76
445,2022-09-21,후 아 유,8.74
446,2022-09-21,본 투 비 블루,8.73
447,2022-09-21,공조2: 인터내셔날,8.72
448,2022-09-21,헤어질 결심,8.68
449,2022-09-21,육사오(6/45),8.63
450,2022-09-21,실버라이닝 플레이북,8.57
451,2022-09-21,태일이,8.45
452,2022-09-21,헌트,8.43
453,2022-09-21,레미제라블,8.39
454,2022-09-21,큐어,8.32
455,2022-09-21,리스본행 야간열차,8.31
456,2022-09-21,킬 빌 - 1부,8.3
457,2022-09-21,애프터 양,8.18
458,2022-09-21,릴리 슈슈의 모든 것,8.12
459,2022-09-21,혼자 사는 사람들,8.07
460,2022-09-21,나는 나를 해고하지 않는다,8.04
461,2022-09-21,오! 문희,8.01
462,2022-09-21,블랙폰,7.7
463,2022-09-21,사랑할 땐 누구나 최악이 된다,7.7
464,2022-09-21,미니언즈2,7.69
465,2022-09-21,킬 빌 - 2부,7.61
466,2022-09-21,썸머 필름을 타고!,7.53
467,2022-09-21,외계+인 1부,7.46
468,2022-09-21,놉,6.78
469,2022-09-21,비상선언,6.52
470,2022-09-21,브로커,5.54
471,2022-09-21,늑대사냥,4.71
472,2022-09-22,인생은 뷰티풀: 비타돌체,9.79
473,2022-09-22,탑건: 매버릭,9.77
474,2022-09-22,명탐정 코난: 할로윈의 신부,9.47
475,2022-09-22,천녀유혼,9.29
476,2022-09-22,극장판 주술회전 0,9.24
477,2022-09-22,어느 가족,9.2
478,2022-09-22,사랑은 비를 타고,9.2
479,2022-09-22,코다,9.14
480,2022-09-22,1917,8.9
481,2022-09-22,중경삼림,8.89
482,2022-09-22,엘비스,8.83
483,2022-09-22,고양이를 부탁해,8.81
484,2022-09-22,한산: 용의 출현,8.76
485,2022-09-22,후 아 유,8.74
486,2022-09-22,본 투 비 블루,8.73
487,2022-09-22,공조2: 인터내셔날,8.71
488,2022-09-22,헤어질 결심,8.68
489,2022-09-22,"지금, 이대로가 좋아요",8.66
490,2022-09-22,육사오(6/45),8.64
491,2022-09-22,실버라이닝 플레이북,8.57
492,2022-09-22,태일이,8.45
493,2022-09-22,헌트,8.43
494,2022-09-22,레미제라블,8.39
495,2022-09-22,큐어,8.32
496,2022-09-22,리스본행 야간열차,8.31
497,2022-09-22,킬 빌 - 1부,8.3
498,2022-09-22,애프터 양,8.18
499,2022-09-22,릴리 슈슈의 모든 것,8.12
500,2022-09-22,혼자 사는 사람들,8.07
501,2022-09-22,나는 나를 해고하지 않는다,8.04
502,2022-09-22,오! 문희,8.01
503,2022-09-22,블랙폰,7.71
504,2022-09-22,사랑할 땐 누구나 최악이 된다,7.69
505,2022-09-22,킬 빌 - 2부,7.61
506,2022-09-22,썸머 필름을 타고!,7.54
507,2022-09-22,놉,6.77
508,2022-09-22,비상선언,6.51
509,2022-09-22,브로커,5.54
510,2022-09-22,늑대사냥,4.42
511,2022-09-23,인생은 뷰티풀: 비타돌체,9.77
512,2022-09-23,탑건: 매버릭,9.77
513,2022-09-23,명탐정 코난: 할로윈의 신부,9.47
514,2022-09-23,천녀유혼,9.29
515,2022-09-23,극장판 주술회전 0,9.24
516,2022-09-23,사랑은 비를 타고,9.2
517,2022-09-23,어느 가족,9.2
518,2022-09-23,코다,9.14
519,2022-09-23,1917,8.9
520,2022-09-23,중경삼림,8.89
521,2022-09-23,엘비스,8.83
522,2022-09-23,고양이를 부탁해,8.81
523,2022-09-23,한산: 용의 출현,8.76
524,2022-09-23,후 아 유,8.74
525,2022-09-23,본 투 비 블루,8.73
526,2022-09-23,공조2: 인터내셔날,8.7
527,2022-09-23,헤어질 결심,8.68
528,2022-09-23,"지금, 이대로가 좋아요",8.66
529,2022-09-23,육사오(6/45),8.64
530,2022-09-23,라라랜드,8.62
531,2022-09-23,실버라이닝 플레이북,8.57
532,2022-09-23,태일이,8.45
533,2022-09-23,헌트,8.43
534,2022-09-23,레미제라블,8.39
535,2022-09-23,큐어,8.32
536,2022-09-23,리스본행 야간열차,8.31
537,2022-09-23,킬 빌 - 1부,8.3
538,2022-09-23,애프터 양,8.18
539,2022-09-23,릴리 슈슈의 모든 것,8.12
540,2022-09-23,혼자 사는 사람들,8.07
541,2022-09-23,나는 나를 해고하지 않는다,8.04
542,2022-09-23,사랑할 땐 누구나 최악이 된다,7.7
543,2022-09-23,블랙폰,7.69
544,2022-09-23,킬 빌 - 2부,7.61
545,2022-09-23,썸머 필름을 타고!,7.54
546,2022-09-23,놉,6.78
547,2022-09-23,비상선언,6.51
548,2022-09-23,브로커,5.54
549,2022-09-23,늑대사냥,4.38
550,2022-09-24,탑건: 매버릭,9.77
551,2022-09-24,인생은 뷰티풀: 비타돌체,9.76
552,2022-09-24,명탐정 코난: 할로윈의 신부,9.47
553,2022-09-24,극장판 주술회전 0,9.23
554,2022-09-24,사랑은 비를 타고,9.21
555,2022-09-24,1917,8.9
556,2022-09-24,엘비스,8.83
557,2022-09-24,고양이를 부탁해,8.81
558,2022-09-24,한산: 용의 출현,8.76
559,2022-09-24,후 아 유,8.74
560,2022-09-24,본 투 비 블루,8.73
561,2022-09-24,공조2: 인터내셔날,8.69
562,2022-09-24,헤어질 결심,8.68
563,2022-09-24,"지금, 이대로가 좋아요",8.65
564,2022-09-24,육사오(6/45),8.64
565,2022-09-24,라라랜드,8.62
566,2022-09-24,실버라이닝 플레이북,8.57
567,2022-09-24,태일이,8.45
568,2022-09-24,헌트,8.43
569,2022-09-24,큐어,8.33
570,2022-09-24,리스본행 야간열차,8.31
571,2022-09-24,킬 빌 - 1부,8.3
572,2022-09-24,애프터 양,8.18
573,2022-09-24,릴리 슈슈의 모든 것,8.12
574,2022-09-24,혼자 사는 사람들,8.07
575,2022-09-24,나는 나를 해고하지 않는다,8.04
576,2022-09-24,사랑할 땐 누구나 최악이 된다,7.69
577,2022-09-24,블랙폰,7.69
578,2022-09-24,킬 빌 - 2부,7.61
579,2022-09-24,썸머 필름을 타고!,7.54
580,2022-09-24,놉,6.78
581,2022-09-24,비상선언,6.51
582,2022-09-24,브로커,5.54
583,2022-09-24,늑대사냥,4.35
584,2022-09-25,탑건: 매버릭,9.77
585,2022-09-25,인생은 뷰티풀: 비타돌체,9.74
586,2022-09-25,명탐정 코난: 할로윈의 신부,9.47
587,2022-09-25,극장판 주술회전 0,9.24
588,2022-09-25,사랑은 비를 타고,9.2
589,2022-09-25,코다,9.15
590,2022-09-25,1917,8.9
591,2022-09-25,엘비스,8.83
592,2022-09-25,고양이를 부탁해,8.81
593,2022-09-25,한산: 용의 출현,8.76
594,2022-09-25,후 아 유,8.74
595,2022-09-25,본 투 비 블루,8.73
596,2022-09-25,헤어질 결심,8.68
597,2022-09-25,공조2: 인터내셔날,8.68
598,2022-09-25,"지금, 이대로가 좋아요",8.65
599,2022-09-25,육사오(6/45),8.64
600,2022-09-25,라라랜드,8.62
601,2022-09-25,실버라이닝 플레이북,8.57
602,2022-09-25,헌트,8.43
603,2022-09-25,큐어,8.33
604,2022-09-25,리스본행 야간열차,8.31
605,2022-09-25,킬 빌 - 1부,8.3
606,2022-09-25,애프터 양,8.18
607,2022-09-25,릴리 슈슈의 모든 것,8.12
608,2022-09-25,사랑할 땐 누구나 최악이 된다,7.7
609,2022-09-25,블랙폰,7.69
610,2022-09-25,킬 빌 - 2부,7.61
611,2022-09-25,썸머 필름을 타고!,7.54
612,2022-09-25,외계+인 1부,7.46
613,2022-09-25,놉,6.77
614,2022-09-25,비상선언,6.51
615,2022-09-25,브로커,5.54
616,2022-09-25,늑대사냥,4.33
617,2022-09-26,탑건: 매버릭,9.77
618,2022-09-26,인생은 뷰티풀: 비타돌체,9.74
619,2022-09-26,명탐정 코난: 할로윈의 신부,9.47
620,2022-09-26,극장판 주술회전 0,9.23
621,2022-09-26,사랑은 비를 타고,9.21
622,2022-09-26,코다,9.14
623,2022-09-26,1917,8.9
624,2022-09-26,중경삼림,8.89
625,2022-09-26,엘비스,8.83
626,2022-09-26,고양이를 부탁해,8.81
627,2022-09-26,너의 이름은.,8.81
628,2022-09-26,한산: 용의 출현,8.76
629,2022-09-26,본 투 비 블루,8.73
630,2022-09-26,헤어질 결심,8.68
631,2022-09-26,공조2: 인터내셔날,8.67
632,2022-09-26,"지금, 이대로가 좋아요",8.65
633,2022-09-26,육사오(6/45),8.63
634,2022-09-26,라라랜드,8.62
635,2022-09-26,실버라이닝 플레이북,8.57
636,2022-09-26,헌트,8.43
637,2022-09-26,초속5센티미터,8.36
638,2022-09-26,큐어,8.33
639,2022-09-26,비비안 마이어를 찾아서,8.32
640,2022-09-26,리스본행 야간열차,8.31
641,2022-09-26,킬 빌 - 1부,8.3
642,2022-09-26,애프터 양,8.18
643,2022-09-26,릴리 슈슈의 모든 것,8.12
644,2022-09-26,날씨의 아이,7.96
645,2022-09-26,DC 리그 오브 슈퍼-펫,7.78
646,2022-09-26,사랑할 땐 누구나 최악이 된다,7.71
647,2022-09-26,블랙폰,7.69
648,2022-09-26,킬 빌 - 2부,7.61
649,2022-09-26,썸머 필름을 타고!,7.54
650,2022-09-26,놉,6.77
651,2022-09-26,비상선언,6.51
652,2022-09-26,브로커,5.54
653,2022-09-26,늑대사냥,4.33
654,2022-09-27,탑건: 매버릭,9.77
655,2022-09-27,인생은 뷰티풀: 비타돌체,9.73
656,2022-09-27,아바타 리마스터링,9.69
657,2022-09-27,명탐정 코난: 할로윈의 신부,9.47
658,2022-09-27,시월애,9.29
659,2022-09-27,우리들,9.28
660,2022-09-27,극장판 주술회전 0,9.24
661,2022-09-27,사랑은 비를 타고,9.2
662,2022-09-27,해피 투게더,9.19
663,2022-09-27,코다,9.14
664,2022-09-27,번지 점프를 하다,8.98
665,2022-09-27,윤희에게,8.96
666,2022-09-27,1917,8.9
667,2022-09-27,중경삼림,8.89
668,2022-09-27,엘비스,8.83
669,2022-09-27,고양이를 부탁해,8.81
670,2022-09-27,너의 이름은.,8.81
671,2022-09-27,화양연화,8.8
672,2022-09-27,소공녀,8.79
673,2022-09-27,한산: 용의 출현,8.76
674,2022-09-27,본 투 비 블루,8.73
675,2022-09-27,접속,8.68
676,2022-09-27,헤어질 결심,8.68
677,2022-09-27,공조2: 인터내셔날,8.66
678,2022-09-27,"지금, 이대로가 좋아요",8.65
679,2022-09-27,육사오(6/45),8.63
680,2022-09-27,라라랜드,8.62
681,2022-09-27,헌트,8.43
682,2022-09-27,초속5센티미터,8.36
683,2022-09-27,큐어,8.33
684,2022-09-27,비비안 마이어를 찾아서,8.32
685,2022-09-27,리스본행 야간열차,8.31
686,2022-09-27,킬 빌 - 1부,8.3
687,2022-09-27,애프터 양,8.18
688,2022-09-27,언어의 정원,8.17
689,2022-09-27,릴리 슈슈의 모든 것,8.12
690,2022-09-27,날씨의 아이,7.96
691,2022-09-27,DC 리그 오브 슈퍼-펫,7.78
692,2022-09-27,사랑할 땐 누구나 최악이 된다,7.71
693,2022-09-27,블랙폰,7.69
694,2022-09-27,킬 빌 - 2부,7.61
695,2022-09-27,다만 악에서 구하소서,7.61
696,2022-09-27,썸머 필름을 타고!,7.54
697,2022-09-27,놉,6.77
698,2022-09-27,비상선언,6.5
699,2022-09-27,브로커,5.54
700,2022-09-27,늑대사냥,4.33
701,2022-09-28,탑건: 매버릭,9.77
702,2022-09-28,인생은 뷰티풀: 비타돌체,9.73
703,2022-09-28,아바타 리마스터링,9.65
704,2022-09-28,명탐정 코난: 할로윈의 신부,9.47
705,2022-09-28,인생은 아름다워,9.38
706,2022-09-28,시월애,9.29
707,2022-09-28,우리들,9.28
708,2022-09-28,기적,9.25
709,2022-09-28,극장판 주술회전 0,9.24
710,2022-09-28,사랑은 비를 타고,9.21
711,2022-09-28,해피 투게더,9.19
712,2022-09-28,코다,9.14
713,2022-09-28,번지 점프를 하다,8.98
714,2022-09-28,이별의 아침에 약속의 꽃을 장식하자,8.97
715,2022-09-28,윤희에게,8.96
716,2022-09-28,중경삼림,8.89
717,2022-09-28,엘비스,8.83
718,2022-09-28,너의 이름은.,8.81
719,2022-09-28,화양연화,8.8
720,2022-09-28,소공녀,8.79
721,2022-09-28,한산: 용의 출현,8.76
722,2022-09-28,본 투 비 블루,8.73
723,2022-09-28,접속,8.68
724,2022-09-28,헤어질 결심,8.68
725,2022-09-28,공조2: 인터내셔날,8.65
726,2022-09-28,"지금, 이대로가 좋아요",8.65
727,2022-09-28,육사오(6/45),8.63
728,2022-09-28,라라랜드,8.62
729,2022-09-28,헌트,8.43
730,2022-09-28,초속5센티미터,8.36
731,2022-09-28,큐어,8.33
732,2022-09-28,비비안 마이어를 찾아서,8.32
733,2022-09-28,리스본행 야간열차,8.31
734,2022-09-28,킬 빌 - 1부,8.3
735,2022-09-28,애프터 양,8.19
736,2022-09-28,언어의 정원,8.17
737,2022-09-28,릴리 슈슈의 모든 것,8.12
738,2022-09-28,날씨의 아이,7.96
739,2022-09-28,DC 리그 오브 슈퍼-펫,7.78
740,2022-09-28,사랑할 땐 누구나 최악이 된다,7.71
741,2022-09-28,킬 빌 - 2부,7.61
742,2022-09-28,다만 악에서 구하소서,7.61
743,2022-09-28,썸머 필름을 타고!,7.53
744,2022-09-28,그린 나이트,7.22
745,2022-09-28,정직한 후보2,7.15
746,2022-09-28,놉,6.77
747,2022-09-28,비상선언,6.5
748,2022-09-28,브로커,5.54
749,2022-09-28,늑대사냥,4.33
750,2022-09-29,탑건: 매버릭,9.77
751,2022-09-29,인생은 뷰티풀: 비타돌체,9.73
752,2022-09-29,아바타 리마스터링,9.65
753,2022-09-29,명탐정 코난: 할로윈의 신부,9.47
754,2022-09-29,시월애,9.29
755,2022-09-29,우리들,9.28
756,2022-09-29,기적,9.25
757,2022-09-29,극장판 주술회전 0,9.23
758,2022-09-29,사랑은 비를 타고,9.22
759,2022-09-29,해피 투게더,9.19
760,2022-09-29,인생은 아름다워,9.17
761,2022-09-29,코다,9.14
762,2022-09-29,번지 점프를 하다,8.98
763,2022-09-29,이별의 아침에 약속의 꽃을 장식하자,8.97
764,2022-09-29,윤희에게,8.96
765,2022-09-29,중경삼림,8.89
766,2022-09-29,엘비스,8.83
767,2022-09-29,너의 이름은.,8.81
768,2022-09-29,화양연화,8.8
769,2022-09-29,소공녀,8.79
770,2022-09-29,한산: 용의 출현,8.76
771,2022-09-29,본 투 비 블루,8.73
772,2022-09-29,접속,8.68
773,2022-09-29,헤어질 결심,8.68
774,2022-09-29,공조2: 인터내셔날,8.65
775,2022-09-29,"지금, 이대로가 좋아요",8.64
776,2022-09-29,육사오(6/45),8.63
777,2022-09-29,라라랜드,8.62
778,2022-09-29,헌트,8.42
779,2022-09-29,초속5센티미터,8.36
780,2022-09-29,큐어,8.32
781,2022-09-29,비비안 마이어를 찾아서,8.32
782,2022-09-29,리스본행 야간열차,8.31
783,2022-09-29,킬 빌 - 1부,8.3
784,2022-09-29,애프터 양,8.19
785,2022-09-29,언어의 정원,8.17
786,2022-09-29,릴리 슈슈의 모든 것,8.12
787,2022-09-29,날씨의 아이,7.96
788,2022-09-29,DC 리그 오브 슈퍼-펫,7.79
789,2022-09-29,사랑할 땐 누구나 최악이 된다,7.7
790,2022-09-29,킬 빌 - 2부,7.61
791,2022-09-29,다만 악에서 구하소서,7.61
792,2022-09-29,썸머 필름을 타고!,7.53
793,2022-09-29,그린 나이트,7.22
794,2022-09-29,놉,6.77
795,2022-09-29,브로커,5.54
796,2022-09-29,정직한 후보2,5.45
797,2022-09-29,늑대사냥,4.33
798,2022-09-30,탑건: 매버릭,9.77
799,2022-09-30,인생은 뷰티풀: 비타돌체,9.73
800,2022-09-30,아바타 리마스터링,9.62
801,2022-09-30,명탐정 코난: 할로윈의 신부,9.47
802,2022-09-30,시월애,9.29
803,2022-09-30,우리들,9.28
804,2022-09-30,기적,9.25
805,2022-09-30,극장판 주술회전 0,9.23
806,2022-09-30,사랑은 비를 타고,9.22
807,2022-09-30,해피 투게더,9.18
808,2022-09-30,인생은 아름다워,9.15
809,2022-09-30,코다,9.14
810,2022-09-30,미스비헤이비어,9.03
811,2022-09-30,번지 점프를 하다,8.98
812,2022-09-30,이별의 아침에 약속의 꽃을 장식하자,8.97
813,2022-09-30,윤희에게,8.96
814,2022-09-30,중경삼림,8.89
815,2022-09-30,너의 이름은.,8.81
816,2022-09-30,화양연화,8.8
817,2022-09-30,소공녀,8.79
818,2022-09-30,한산: 용의 출현,8.76
819,2022-09-30,본 투 비 블루,8.73
820,2022-09-30,접속,8.68
821,2022-09-30,헤어질 결심,8.68
822,2022-09-30,"지금, 이대로가 좋아요",8.65
823,2022-09-30,공조2: 인터내셔날,8.64
824,2022-09-30,육사오(6/45),8.63
825,2022-09-30,라라랜드,8.62
826,2022-09-30,헌트,8.41
827,2022-09-30,초속5센티미터,8.36
828,2022-09-30,큐어,8.32
829,2022-09-30,비비안 마이어를 찾아서,8.32
830,2022-09-30,리스본행 야간열차,8.31
831,2022-09-30,킬 빌 - 1부,8.3
832,2022-09-30,애프터 양,8.19
833,2022-09-30,언어의 정원,8.17
834,2022-09-30,릴리 슈슈의 모든 것,8.12
835,2022-09-30,날씨의 아이,7.96
836,2022-09-30,사랑할 땐 누구나 최악이 된다,7.71
837,2022-09-30,킬 빌 - 2부,7.61
838,2022-09-30,다만 악에서 구하소서,7.61
839,2022-09-30,썸머 필름을 타고!,7.53
840,2022-09-30,그린 나이트,7.22
841,2022-09-30,놉,6.77
842,2022-09-30,브로커,5.54
843,2022-09-30,정직한 후보2,5.37
844,2022-09-30,늑대사냥,4.34
845,2022-10-01,탑건: 매버릭,9.77
846,2022-10-01,인생은 뷰티풀: 비타돌체,9.73
847,2022-10-01,극장판 짱구는 못말려: 수수께끼! 꽃피는 천하 떡잎 학교,9.61
848,2022-10-01,아바타 리마스터링,9.59
849,2022-10-01,명탐정 코난: 할로윈의 신부,9.47
850,2022-10-01,시월애,9.29
851,2022-10-01,우리들,9.28
852,2022-10-01,기적,9.25
853,2022-10-01,극장판 주술회전 0,9.23
854,2022-10-01,사랑은 비를 타고,9.21
855,2022-10-01,인생은 아름다워,9.19
856,2022-10-01,해피 투게더,9.18
857,2022-10-01,미스비헤이비어,9.03
858,2022-10-01,번지 점프를 하다,8.98
859,2022-10-01,이별의 아침에 약속의 꽃을 장식하자,8.97
860,2022-10-01,윤희에게,8.96
861,2022-10-01,중경삼림,8.89
862,2022-10-01,너의 이름은.,8.81
863,2022-10-01,화양연화,8.8
864,2022-10-01,소공녀,8.79
865,2022-10-01,한산: 용의 출현,8.76
866,2022-10-01,본 투 비 블루,8.73
867,2022-10-01,접속,8.68
868,2022-10-01,헤어질 결심,8.68
869,2022-10-01,"지금, 이대로가 좋아요",8.64
870,2022-10-01,육사오(6/45),8.63
871,2022-10-01,공조2: 인터내셔날,8.63
872,2022-10-01,라라랜드,8.62
873,2022-10-01,헌트,8.41
874,2022-10-01,초속5센티미터,8.36
875,2022-10-01,큐어,8.32
876,2022-10-01,비비안 마이어를 찾아서,8.32
877,2022-10-01,리스본행 야간열차,8.31
878,2022-10-01,킬 빌 - 1부,8.3
879,2022-10-01,애프터 양,8.19
880,2022-10-01,언어의 정원,8.17
881,2022-10-01,릴리 슈슈의 모든 것,8.12
882,2022-10-01,날씨의 아이,7.96
883,2022-10-01,사랑할 땐 누구나 최악이 된다,7.72
884,2022-10-01,킬 빌 - 2부,7.61
885,2022-10-01,다만 악에서 구하소서,7.61
886,2022-10-01,썸머 필름을 타고!,7.53
887,2022-10-01,그린 나이트,7.22
888,2022-10-01,놉,6.77
889,2022-10-01,정직한 후보2,5.59
890,2022-10-01,브로커,5.54
891,2022-10-01,늑대사냥,4.35
892,2022-10-02,탑건: 매버릭,9.77
893,2022-10-02,인생은 뷰티풀: 비타돌체,9.73
894,2022-10-02,극장판 짱구는 못말려: 수수께끼! 꽃피는 천하 떡잎 학교,9.64
895,2022-10-02,아바타 리마스터링,9.57
896,2022-10-02,명탐정 코난: 할로윈의 신부,9.47
897,2022-10-02,시월애,9.29
898,2022-10-02,우리들,9.28
899,2022-10-02,기적,9.25
900,2022-10-02,극장판 주술회전 0,9.23
901,2022-10-02,인생은 아름다워,9.23
902,2022-10-02,사랑은 비를 타고,9.22
903,2022-10-02,해피 투게더,9.18
904,2022-10-02,미스비헤이비어,9.03
905,2022-10-02,번지 점프를 하다,8.98
906,2022-10-02,이별의 아침에 약속의 꽃을 장식하자,8.97
907,2022-10-02,윤희에게,8.96
908,2022-10-02,중경삼림,8.89
909,2022-10-02,너의 이름은.,8.81
910,2022-10-02,화양연화,8.8
911,2022-10-02,소공녀,8.79
912,2022-10-02,한산: 용의 출현,8.76
913,2022-10-02,본 투 비 블루,8.73
914,2022-10-02,접속,8.68
915,2022-10-02,헤어질 결심,8.68
916,2022-10-02,"지금, 이대로가 좋아요",8.64
917,2022-10-02,육사오(6/45),8.63
918,2022-10-02,공조2: 인터내셔날,8.63
919,2022-10-02,라라랜드,8.62
920,2022-10-02,헌트,8.4
921,2022-10-02,너의 췌장을 먹고 싶어,8.37
922,2022-10-02,초속5센티미터,8.36
923,2022-10-02,큐어,8.32
924,2022-10-02,비비안 마이어를 찾아서,8.32
925,2022-10-02,리스본행 야간열차,8.31
926,2022-10-02,킬 빌 - 1부,8.3
927,2022-10-02,애프터 양,8.19
928,2022-10-02,언어의 정원,8.17
929,2022-10-02,릴리 슈슈의 모든 것,8.12
930,2022-10-02,날씨의 아이,7.96
931,2022-10-02,사랑할 땐 누구나 최악이 된다,7.73
932,2022-10-02,킬 빌 - 2부,7.61
933,2022-10-02,다만 악에서 구하소서,7.61
934,2022-10-02,썸머 필름을 타고!,7.53
935,2022-10-02,그린 나이트,7.22
936,2022-10-02,놉,6.77
937,2022-10-02,정직한 후보2,5.72
938,2022-10-02,브로커,5.54
939,2022-10-02,늑대사냥,4.38
940,2022-10-03,탑건: 매버릭,9.77
941,2022-10-03,인생은 뷰티풀: 비타돌체,9.72
942,2022-10-03,아바타 리마스터링,9.56
943,2022-10-03,극장판 짱구는 못말려: 수수께끼! 꽃피는 천하떡잎학교,9.55
944,2022-10-03,명탐정 코난: 할로윈의 신부,9.47
945,2022-10-03,시월애,9.29
946,2022-10-03,인생은 아름다워,9.28
947,2022-10-03,우리들,9.28
948,2022-10-03,기적,9.25
949,2022-10-03,극장판 주술회전 0,9.23
950,2022-10-03,사랑은 비를 타고,9.22
951,2022-10-03,해피 투게더,9.18
952,2022-10-03,미스비헤이비어,9.03
953,2022-10-03,번지 점프를 하다,8.98
954,2022-10-03,이별의 아침에 약속의 꽃을 장식하자,8.97
955,2022-10-03,윤희에게,8.96
956,2022-10-03,중경삼림,8.89
957,2022-10-03,너의 이름은.,8.81
958,2022-10-03,화양연화,8.8
959,2022-10-03,소공녀,8.79
960,2022-10-03,한산: 용의 출현,8.76
961,2022-10-03,접속,8.68
962,2022-10-03,헤어질 결심,8.68
963,2022-10-03,"지금, 이대로가 좋아요",8.64
964,2022-10-03,육사오(6/45),8.63
965,2022-10-03,공조2: 인터내셔날,8.63
966,2022-10-03,라라랜드,8.62
967,2022-10-03,헌트,8.4
968,2022-10-03,너의 췌장을 먹고 싶어,8.37
969,2022-10-03,초속5센티미터,8.36
970,2022-10-03,큐어,8.32
971,2022-10-03,비비안 마이어를 찾아서,8.32
972,2022-10-03,리스본행 야간열차,8.31
973,2022-10-03,애프터 양,8.19
974,2022-10-03,언어의 정원,8.17
975,2022-10-03,릴리 슈슈의 모든 것,8.12
976,2022-10-03,날씨의 아이,7.96
977,2022-10-03,사랑할 땐 누구나 최악이 된다,7.73
978,2022-10-03,다만 악에서 구하소서,7.61
979,2022-10-03,썸머 필름을 타고!,7.53
980,2022-10-03,아사코,7.3
981,2022-10-03,그린 나이트,7.22
982,2022-10-03,놉,6.77
983,2022-10-03,정직한 후보2,5.83
984,2022-10-03,브로커,5.54
985,2022-10-03,늑대사냥,4.38
986,2022-10-04,탑건: 매버릭,9.77
987,2022-10-04,인생은 뷰티풀: 비타돌체,9.72
988,2022-10-04,아바타 리마스터링,9.56
989,2022-10-04,극장판 짱구는 못말려: 수수께끼! 꽃피는 천하떡잎학교,9.54
990,2022-10-04,명탐정 코난: 할로윈의 신부,9.47
991,2022-10-04,시월애,9.29
992,2022-10-04,우리들,9.28
993,2022-10-04,인생은 아름다워,9.27
994,2022-10-04,기적,9.25
995,2022-10-04,극장판 주술회전 0,9.23
996,2022-10-04,사랑은 비를 타고,9.22
997,2022-10-04,해피 투게더,9.18
998,2022-10-04,인터스텔라,9.11
999,2022-10-04,미스비헤이비어,9.03
1000,2022-10-04,번지 점프를 하다,8.98
1001,2022-10-04,이별의 아침에 약속의 꽃을 장식하자,8.97
1002,2022-10-04,윤희에게,8.96
1003,2022-10-04,중경삼림,8.89
1004,2022-10-04,너의 이름은.,8.81
1005,2022-10-04,화양연화,8.81
1006,2022-10-04,아멜리에,8.8
1007,2022-10-04,소공녀,8.79
1008,2022-10-04,한산: 용의 출현,8.76
1009,2022-10-04,본 투 비 블루,8.73
1010,2022-10-04,접속,8.68
1011,2022-10-04,헤어질 결심,8.68
1012,2022-10-04,"지금, 이대로가 좋아요",8.64
1013,2022-10-04,육사오(6/45),8.63
1014,2022-10-04,공조2: 인터내셔날,8.63
1015,2022-10-04,라라랜드,8.62
1016,2022-10-04,헌트,8.39
1017,2022-10-04,너의 췌장을 먹고 싶어,8.37
1018,2022-10-04,초속5센티미터,8.36
1019,2022-10-04,큐어,8.32
1020,2022-10-04,비비안 마이어를 찾아서,8.32
1021,2022-10-04,리스본행 야간열차,8.31
1022,2022-10-04,애프터 양,8.19
1023,2022-10-04,언어의 정원,8.17
1024,2022-10-04,테넷,8.14
1025,2022-10-04,릴리 슈슈의 모든 것,8.12
1026,2022-10-04,날씨의 아이,7.97
1027,2022-10-04,듄,7.95
1028,2022-10-04,사랑할 땐 누구나 최악이 된다,7.75
1029,2022-10-04,다만 악에서 구하소서,7.61
1030,2022-10-04,썸머 필름을 타고!,7.54
1031,2022-10-04,아사코,7.3
1032,2022-10-04,그린 나이트,7.23
1033,2022-10-04,놉,6.77
1034,2022-10-04,정직한 후보2,5.87
1035,2022-10-04,브로커,5.54
1036,2022-10-05,탑건: 매버릭,9.77
1037,2022-10-05,극장판 짱구는 못말려: 수수께끼! 꽃피는 천하떡잎학교,9.53
1038,2022-10-05,명탐정 코난: 할로윈의 신부,9.47
1039,2022-10-05,시월애,9.29
1040,2022-10-05,우리들,9.28
1041,2022-10-05,인생은 아름다워,9.25
1042,2022-10-05,극장판 주술회전 0,9.23
1043,2022-10-05,사랑은 비를 타고,9.22
1044,2022-10-05,해피 투게더,9.18
1045,2022-10-05,인터스텔라,9.11
1046,2022-10-05,꽃다발 같은 사랑을 했다,9.04
1047,2022-10-05,미스비헤이비어,9.03
1048,2022-10-05,번지 점프를 하다,8.98
1049,2022-10-05,이별의 아침에 약속의 꽃을 장식하자,8.97
1050,2022-10-05,윤희에게,8.96
1051,2022-10-05,중경삼림,8.89
1052,2022-10-05,너의 이름은.,8.81
1053,2022-10-05,화양연화,8.81
1054,2022-10-05,아멜리에,8.8
1055,2022-10-05,소공녀,8.79
1056,2022-10-05,한산: 용의 출현,8.76
1057,2022-10-05,본 투 비 블루,8.73
1058,2022-10-05,블레이드 러너,8.73
1059,2022-10-05,접속,8.69
1060,2022-10-05,헤어질 결심,8.68
1061,2022-10-05,"지금, 이대로가 좋아요",8.64
1062,2022-10-05,육사오(6/45),8.62
1063,2022-10-05,라라랜드,8.62
1064,2022-10-05,공조2: 인터내셔날,8.62
1065,2022-10-05,헌트,8.39
1066,2022-10-05,너의 췌장을 먹고 싶어,8.37
1067,2022-10-05,초속5센티미터,8.36
1068,2022-10-05,큐어,8.32
1069,2022-10-05,비비안 마이어를 찾아서,8.32
1070,2022-10-05,리스본행 야간열차,8.31
1071,2022-10-05,애프터 양,8.19
1072,2022-10-05,언어의 정원,8.17
1073,2022-10-05,테넷,8.14
1074,2022-10-05,릴리 슈슈의 모든 것,8.12
1075,2022-10-05,날씨의 아이,7.97
1076,2022-10-05,듄,7.95
1077,2022-10-05,DC 리그 오브 슈퍼-펫,7.79
1078,2022-10-05,사랑할 땐 누구나 최악이 된다,7.76
1079,2022-10-05,다만 악에서 구하소서,7.61
1080,2022-10-05,썸머 필름을 타고!,7.54
1081,2022-10-05,아사코,7.3
1082,2022-10-05,그린 나이트,7.23
1083,2022-10-05,놉,6.78
1084,2022-10-05,정직한 후보2,5.84
1085,2022-10-05,브로커,5.54
1086,2022-10-06,탑건: 매버릭,9.77
1087,2022-10-06,극장판 짱구는 못말려: 수수께끼! 꽃피는 천하떡잎학교,9.53
1088,2022-10-06,명탐정 코난: 할로윈의 신부,9.46
1089,2022-10-06,시월애,9.29
1090,2022-10-06,우리들,9.28
1091,2022-10-06,인생은 아름다워,9.23
1092,2022-10-06,극장판 주술회전 0,9.23
1093,2022-10-06,사랑은 비를 타고,9.22
1094,2022-10-06,해피 투게더,9.18
1095,2022-10-06,코다,9.14
1096,2022-10-06,인터스텔라,9.11
1097,2022-10-06,꽃다발 같은 사랑을 했다,9.04
1098,2022-10-06,미스비헤이비어,9.03
1099,2022-10-06,번지 점프를 하다,8.98
1100,2022-10-06,이별의 아침에 약속의 꽃을 장식하자,8.97
1101,2022-10-06,윤희에게,8.96
1102,2022-10-06,중경삼림,8.89
1103,2022-10-06,너의 이름은.,8.81
1104,2022-10-06,화양연화,8.81
1105,2022-10-06,아멜리에,8.8
1106,2022-10-06,소공녀,8.79
1107,2022-10-06,한산: 용의 출현,8.76
1108,2022-10-06,본 투 비 블루,8.73
1109,2022-10-06,블레이드 러너,8.73
1110,2022-10-06,접속,8.69
1111,2022-10-06,헤어질 결심,8.68
1112,2022-10-06,"지금, 이대로가 좋아요",8.64
1113,2022-10-06,라라랜드,8.62
1114,2022-10-06,공조2: 인터내셔날,8.62
1115,2022-10-06,육사오(6/45),8.62
1116,2022-10-06,헌트,8.39
1117,2022-10-06,너의 췌장을 먹고 싶어,8.37
1118,2022-10-06,초속5센티미터,8.36
1119,2022-10-06,큐어,8.32
1120,2022-10-06,비비안 마이어를 찾아서,8.32
1121,2022-10-06,리스본행 야간열차,8.31
1122,2022-10-06,애프터 양,8.19
1123,2022-10-06,언어의 정원,8.17
1124,2022-10-06,테넷,8.14
1125,2022-10-06,릴리 슈슈의 모든 것,8.12
1126,2022-10-06,날씨의 아이,7.97
1127,2022-10-06,듄,7.95
1128,2022-10-06,사랑할 땐 누구나 최악이 된다,7.75
1129,2022-10-06,다만 악에서 구하소서,7.61
1130,2022-10-06,썸머 필름을 타고!,7.54
1131,2022-10-06,아사코,7.3
1132,2022-10-06,그린 나이트,7.23
1133,2022-10-06,놉,6.77
1134,2022-10-06,정직한 후보2,5.84
1135,2022-10-06,브로커,5.54
1136,2022-10-07,탑건: 매버릭,9.77
1137,2022-10-07,극장판 짱구는 못말려: 수수께끼! 꽃피는 천하떡잎학교,9.53
1138,2022-10-07,명탐정 코난: 할로윈의 신부,9.47
1139,2022-10-07,시월애,9.29
1140,2022-10-07,우리들,9.28
1141,2022-10-07,극장판 주술회전 0,9.23
1142,2022-10-07,인생은 아름다워,9.23
1143,2022-10-07,사랑은 비를 타고,9.22
1144,2022-10-07,해피 투게더,9.18
1145,2022-10-07,코다,9.14
1146,2022-10-07,인터스텔라,9.11
1147,2022-10-07,꽃다발 같은 사랑을 했다,9.05
1148,2022-10-07,미스비헤이비어,9.03
1149,2022-10-07,번지 점프를 하다,8.98
1150,2022-10-07,이별의 아침에 약속의 꽃을 장식하자,8.97
1151,2022-10-07,윤희에게,8.96
1152,2022-10-07,중경삼림,8.89
1153,2022-10-07,너의 이름은.,8.81
1154,2022-10-07,화양연화,8.81
1155,2022-10-07,아멜리에,8.8
1156,2022-10-07,소공녀,8.79
1157,2022-10-07,한산: 용의 출현,8.76
1158,2022-10-07,본 투 비 블루,8.73
1159,2022-10-07,블레이드 러너,8.72
1160,2022-10-07,접속,8.69
1161,2022-10-07,헤어질 결심,8.68
1162,2022-10-07,"지금, 이대로가 좋아요",8.64
1163,2022-10-07,라라랜드,8.62
1164,2022-10-07,공조2: 인터내셔날,8.62
1165,2022-10-07,육사오(6/45),8.61
1166,2022-10-07,헌트,8.39
1167,2022-10-07,너의 췌장을 먹고 싶어,8.37
1168,2022-10-07,초속5센티미터,8.36
1169,2022-10-07,큐어,8.32
1170,2022-10-07,비비안 마이어를 찾아서,8.32
1171,2022-10-07,리스본행 야간열차,8.31
1172,2022-10-07,애프터 양,8.19
1173,2022-10-07,언어의 정원,8.17
1174,2022-10-07,테넷,8.14
1175,2022-10-07,릴리 슈슈의 모든 것,8.12
1176,2022-10-07,날씨의 아이,7.97
1177,2022-10-07,듄,7.95
1178,2022-10-07,사랑할 땐 누구나 최악이 된다,7.76
1179,2022-10-07,다만 악에서 구하소서,7.61
1180,2022-10-07,썸머 필름을 타고!,7.54
1181,2022-10-07,아사코,7.3
1182,2022-10-07,그린 나이트,7.23
1183,2022-10-07,놉,6.77
1184,2022-10-07,정직한 후보2,5.85
1185,2022-10-07,브로커,5.54
1186,2022-10-08,탑건: 매버릭,9.77
1187,2022-10-08,극장판 짱구는 못말려: 수수께끼! 꽃피는 천하떡잎학교,9.51
1188,2022-10-08,명탐정 코난: 할로윈의 신부,9.47
1189,2022-10-08,시월애,9.29
1190,2022-10-08,인생은 아름다워,9.24
1191,2022-10-08,극장판 주술회전 0,9.23
1192,2022-10-08,사랑은 비를 타고,9.23
1193,2022-10-08,해피 투게더,9.18
1194,2022-10-08,코다,9.14
1195,2022-10-08,인터스텔라,9.11
1196,2022-10-08,꽃다발 같은 사랑을 했다,9.05
1197,2022-10-08,미스비헤이비어,9.03
1198,2022-10-08,번지 점프를 하다,8.98
1199,2022-10-08,이별의 아침에 약속의 꽃을 장식하자,8.97
1200,2022-10-08,윤희에게,8.96
1201,2022-10-08,중경삼림,8.89
1202,2022-10-08,화양연화,8.81
1203,2022-10-08,너의 이름은.,8.81
1204,2022-10-08,아멜리에,8.8
1205,2022-10-08,소공녀,8.79
1206,2022-10-08,한산: 용의 출현,8.76
1207,2022-10-08,블레이드 러너,8.72
1208,2022-10-08,접속,8.69
1209,2022-10-08,헤어질 결심,8.68
1210,2022-10-08,"지금, 이대로가 좋아요",8.64
1211,2022-10-08,라라랜드,8.62
1212,2022-10-08,공조2: 인터내셔날,8.62
1213,2022-10-08,육사오(6/45),8.6
1214,2022-10-08,헌트,8.39
1215,2022-10-08,너의 췌장을 먹고 싶어,8.37
1216,2022-10-08,초속5센티미터,8.36
1217,2022-10-08,큐어,8.32
1218,2022-10-08,비비안 마이어를 찾아서,8.32
1219,2022-10-08,리스본행 야간열차,8.31
1220,2022-10-08,애프터 양,8.19
1221,2022-10-08,언어의 정원,8.17
1222,2022-10-08,테넷,8.14
1223,2022-10-08,릴리 슈슈의 모든 것,8.12
1224,2022-10-08,날씨의 아이,7.97
1225,2022-10-08,듄,7.95
1226,2022-10-08,사랑할 땐 누구나 최악이 된다,7.75
1227,2022-10-08,다만 악에서 구하소서,7.61
1228,2022-10-08,썸머 필름을 타고!,7.55
1229,2022-10-08,그린 나이트,7.23
1230,2022-10-08,놉,6.77
1231,2022-10-08,정직한 후보2,5.86
1232,2022-10-08,브로커,5.54
1233,2022-10-08,늑대사냥,4.41
1234,2022-10-09,탑건: 매버릭,9.77
1235,2022-10-09,극장판 짱구는 못말려: 수수께끼! 꽃피는 천하떡잎학교,9.49
1236,2022-10-09,명탐정 코난: 할로윈의 신부,9.47
1237,2022-10-09,시월애,9.3
1238,2022-10-09,인생은 아름다워,9.26
1239,2022-10-09,극장판 주술회전 0,9.23
1240,2022-10-09,사랑은 비를 타고,9.22
1241,2022-10-09,해피 투게더,9.18
1242,2022-10-09,코다,9.14
1243,2022-10-09,인터스텔라,9.11
1244,2022-10-09,꽃다발 같은 사랑을 했다,9.05
1245,2022-10-09,미스비헤이비어,9.03
1246,2022-10-09,번지 점프를 하다,8.98
1247,2022-10-09,이별의 아침에 약속의 꽃을 장식하자,8.97
1248,2022-10-09,윤희에게,8.96
1249,2022-10-09,중경삼림,8.89
1250,2022-10-09,화양연화,8.81
1251,2022-10-09,너의 이름은.,8.81
1252,2022-10-09,아멜리에,8.8
1253,2022-10-09,소공녀,8.79
1254,2022-10-09,한산: 용의 출현,8.76
1255,2022-10-09,블레이드 러너,8.72
1256,2022-10-09,접속,8.69
1257,2022-10-09,헤어질 결심,8.68
1258,2022-10-09,"지금, 이대로가 좋아요",8.64
1259,2022-10-09,라라랜드,8.62
1260,2022-10-09,공조2: 인터내셔날,8.62
1261,2022-10-09,육사오(6/45),8.6
1262,2022-10-09,헌트,8.38
1263,2022-10-09,너의 췌장을 먹고 싶어,8.37
1264,2022-10-09,초속5센티미터,8.36
1265,2022-10-09,비비안 마이어를 찾아서,8.32
1266,2022-10-09,리스본행 야간열차,8.31
1267,2022-10-09,애프터 양,8.19
1268,2022-10-09,언어의 정원,8.17
1269,2022-10-09,테넷,8.14
1270,2022-10-09,릴리 슈슈의 모든 것,8.12
1271,2022-10-09,날씨의 아이,7.96
1272,2022-10-09,듄,7.95
1273,2022-10-09,사랑할 땐 누구나 최악이 된다,7.75
1274,2022-10-09,다만 악에서 구하소서,7.61
1275,2022-10-09,썸머 필름을 타고!,7.55
1276,2022-10-09,그린 나이트,7.23
1277,2022-10-09,놉,6.77
1278,2022-10-09,컴백홈,6.6
1279,2022-10-09,정직한 후보2,5.92
1280,2022-10-09,브로커,5.55
1281,2022-10-09,늑대사냥,4.4
1282,2022-10-10,탑건: 매버릭,9.77
1283,2022-10-10,극장판 짱구는 못말려: 수수께끼! 꽃피는 천하떡잎학교,9.48
1284,2022-10-10,명탐정 코난: 할로윈의 신부,9.46
1285,2022-10-10,인생은 아름다워,9.28
1286,2022-10-10,극장판 주술회전 0,9.23
1287,2022-10-10,사랑은 비를 타고,9.22
1288,2022-10-10,해피 투게더,9.19
1289,2022-10-10,코다,9.14
1290,2022-10-10,인터스텔라,9.11
1291,2022-10-10,꽃다발 같은 사랑을 했다,9.05
1292,2022-10-10,미스비헤이비어,9.03
1293,2022-10-10,번지 점프를 하다,8.98
1294,2022-10-10,이별의 아침에 약속의 꽃을 장식하자,8.97
1295,2022-10-10,윤희에게,8.96
1296,2022-10-10,중경삼림,8.89
1297,2022-10-10,화양연화,8.81
1298,2022-10-10,너의 이름은.,8.81
1299,2022-10-10,아멜리에,8.8
1300,2022-10-10,소공녀,8.79
1301,2022-10-10,한산: 용의 출현,8.76
1302,2022-10-10,블레이드 러너,8.73
1303,2022-10-10,접속,8.69
1304,2022-10-10,헤어질 결심,8.68
1305,2022-10-10,"지금, 이대로가 좋아요",8.64
1306,2022-10-10,라라랜드,8.62
1307,2022-10-10,공조2: 인터내셔날,8.61
1308,2022-10-10,육사오(6/45),8.6
1309,2022-10-10,헌트,8.38
1310,2022-10-10,너의 췌장을 먹고 싶어,8.37
1311,2022-10-10,초속5센티미터,8.36
1312,2022-10-10,비비안 마이어를 찾아서,8.32
1313,2022-10-10,리스본행 야간열차,8.31
1314,2022-10-10,애프터 양,8.2
1315,2022-10-10,테넷,8.14
1316,2022-10-10,릴리 슈슈의 모든 것,8.12
1317,2022-10-10,날씨의 아이,7.96
1318,2022-10-10,듄,7.95
1319,2022-10-10,사랑할 땐 누구나 최악이 된다,7.75
1320,2022-10-10,스마일,7.63
1321,2022-10-10,썸머 필름을 타고!,7.55
1322,2022-10-10,그린 나이트,7.23
1323,2022-10-10,놉,6.77
1324,2022-10-10,컴백홈,6.57
1325,2022-10-10,정직한 후보2,5.95
1326,2022-10-10,늑대사냥,4.41
1327,2022-10-11,탑건: 매버릭,9.77
1328,2022-10-11,극장판 짱구는 못말려: 수수께끼! 꽃피는 천하떡잎학교,9.47
1329,2022-10-11,명탐정 코난: 할로윈의 신부,9.46
1330,2022-10-11,인생은 아름다워,9.28
1331,2022-10-11,극장판 주술회전 0,9.23
1332,2022-10-11,사랑은 비를 타고,9.22
1333,2022-10-11,해피 투게더,9.19
1334,2022-10-11,코다,9.14
1335,2022-10-11,인터스텔라,9.11
1336,2022-10-11,꽃다발 같은 사랑을 했다,9.05
1337,2022-10-11,미스비헤이비어,9.03
1338,2022-10-11,번지 점프를 하다,8.98
1339,2022-10-11,이별의 아침에 약속의 꽃을 장식하자,8.97
1340,2022-10-11,윤희에게,8.96
1341,2022-10-11,씨민과 나데르의 별거,8.93
1342,2022-10-11,중경삼림,8.89
1343,2022-10-11,화양연화,8.81
1344,2022-10-11,너의 이름은.,8.81
1345,2022-10-11,아멜리에,8.8
1346,2022-10-11,소공녀,8.79
1347,2022-10-11,한산: 용의 출현,8.76
1348,2022-10-11,벌새,8.74
1349,2022-10-11,본 투 비 블루,8.73
1350,2022-10-11,블레이드 러너,8.73
1351,2022-10-11,접속,8.69
1352,2022-10-11,헤어질 결심,8.68
1353,2022-10-11,"지금, 이대로가 좋아요",8.64
1354,2022-10-11,라라랜드,8.62
1355,2022-10-11,공조2: 인터내셔날,8.61
1356,2022-10-11,육사오(6/45),8.6
1357,2022-10-11,헌트,8.38
1358,2022-10-11,너의 췌장을 먹고 싶어,8.37
1359,2022-10-11,초속5센티미터,8.36
1360,2022-10-11,큐어,8.32
1361,2022-10-11,비비안 마이어를 찾아서,8.32
1362,2022-10-11,리스본행 야간열차,8.31
1363,2022-10-11,애프터 양,8.2
1364,2022-10-11,테넷,8.14
1365,2022-10-11,릴리 슈슈의 모든 것,8.12
1366,2022-10-11,날씨의 아이,7.96
1367,2022-10-11,듄,7.95
1368,2022-10-11,사랑할 땐 누구나 최악이 된다,7.76
1369,2022-10-11,스마일,7.62
1370,2022-10-11,썸머 필름을 타고!,7.55
1371,2022-10-11,그린 나이트,7.23
1372,2022-10-11,컴백홈,6.49
1373,2022-10-11,정직한 후보2,5.97
1374,2022-10-11,브로커,5.55
1375,2022-10-11,늑대사냥,4.41
1376,2022-10-12,탑건: 매버릭,9.77
1377,2022-10-12,극장판 짱구는 못말려: 수수께끼! 꽃피는 천하떡잎학교,9.47
1378,2022-10-12,명탐정 코난: 할로윈의 신부,9.46
1379,2022-10-12,인생은 아름다워,9.28
1380,2022-10-12,극장판 주술회전 0,9.23
1381,2022-10-12,사랑은 비를 타고,9.22
1382,2022-10-12,해피 투게더,9.19
1383,2022-10-12,코다,9.14
1384,2022-10-12,인터스텔라,9.11
1385,2022-10-12,꽃다발 같은 사랑을 했다,9.05
1386,2022-10-12,미스비헤이비어,9.03
1387,2022-10-12,번지 점프를 하다,8.98
1388,2022-10-12,이별의 아침에 약속의 꽃을 장식하자,8.97
1389,2022-10-12,윤희에게,8.96
1390,2022-10-12,씨민과 나데르의 별거,8.93
1391,2022-10-12,중경삼림,8.89
1392,2022-10-12,화양연화,8.81
1393,2022-10-12,너의 이름은.,8.81
1394,2022-10-12,아멜리에,8.8
1395,2022-10-12,소공녀,8.79
1396,2022-10-12,한산: 용의 출현,8.76
1397,2022-10-12,벌새,8.74
1398,2022-10-12,본 투 비 블루,8.73
1399,2022-10-12,블레이드 러너,8.73
1400,2022-10-12,접속,8.69
1401,2022-10-12,헤어질 결심,8.68
1402,2022-10-12,"지금, 이대로가 좋아요",8.64
1403,2022-10-12,라라랜드,8.62
1404,2022-10-12,공조2: 인터내셔날,8.61
1405,2022-10-12,육사오(6/45),8.6
1406,2022-10-12,헌트,8.38
1407,2022-10-12,너의 췌장을 먹고 싶어,8.37
1408,2022-10-12,초속5센티미터,8.36
1409,2022-10-12,큐어,8.32
1410,2022-10-12,비비안 마이어를 찾아서,8.32
1411,2022-10-12,리스본행 야간열차,8.31
1412,2022-10-12,애프터 양,8.2
1413,2022-10-12,테넷,8.14
1414,2022-10-12,릴리 슈슈의 모든 것,8.12
1415,2022-10-12,날씨의 아이,7.96
1416,2022-10-12,듄,7.95
1417,2022-10-12,사랑할 땐 누구나 최악이 된다,7.76
1418,2022-10-12,스마일,7.62
1419,2022-10-12,썸머 필름을 타고!,7.55
1420,2022-10-12,그린 나이트,7.23
1421,2022-10-12,컴백홈,6.49
1422,2022-10-12,정직한 후보2,5.97
1423,2022-10-12,브로커,5.55
1424,2022-10-12,늑대사냥,4.41
